<?xml version="1.0" encoding="utf-8"?>
<resources>
    <declare-styleable name="QRCodeView">
        <!-- 扫描框距离toolbar底部的距离，默认值为90dp -->
        <attr name="qrcv_topOffset" format="dimension|reference" />
        <!-- 扫描框边角线的宽度，默认值为3dp -->
        <attr name="qrcv_cornerSize" format="dimension|reference" />
        <!-- 扫描框边角线的长度，默认值为20dp -->
        <attr name="qrcv_cornerLength" format="dimension|reference" />
        <!-- 扫描框边角线的颜色，默认值为@android:color/white -->
        <attr name="qrcv_cornerColor" format="color|reference" />
        <!-- 扫描框边角线显示位置(相对于边框)，默认值为中间 -->
        <attr name="qrcv_cornerDisplayType">
            <enum name="center" value="1" />
            <enum name="inside" value="2" />
        </attr>
        <!-- 扫描框的宽度，默认值为200dp -->
        <attr name="qrcv_rectWidth" format="dimension|reference" />
        <!-- 条码扫样式描框的高度，默认值为140dp -->
        <attr name="qrcv_barcodeRectHeight" format="dimension|reference" />
        <!-- 除去扫描框，其余部分阴影颜色，默认值为#33FFFFFF -->
        <attr name="qrcv_maskColor" format="color|reference" />
        <!-- 扫描线的宽度，默认值为1dp -->
        <attr name="qrcv_scanLineSize" format="dimension|reference" />
        <!-- 扫描线的颜色，默认值为@android:color/white -->
        <attr name="qrcv_scanLineColor" format="color|reference" />
        <!-- 扫描线距离上下或者左右边框的间距，默认值为0dp -->
        <attr name="qrcv_scanLineMargin" format="dimension|reference" />
        <!-- 是否显示默认的图片扫描线，默认值为false -->
        <attr name="qrcv_isShowDefaultScanLineDrawable" format="boolean" />
        <!-- 扫描线的图片资源，默认值为null -->
        <attr name="qrcv_customScanLineDrawable" format="reference" />
        <!-- 扫描边框的宽度，默认值为1dp -->
        <attr name="qrcv_borderSize" format="dimension|reference" />
        <!-- 扫描边框的颜色，默认值为@android:color/white -->
        <attr name="qrcv_borderColor" format="color|reference" />
        <!-- 扫描线从顶部移动到底部的动画时间，默认值为1000 -->
        <attr name="qrcv_animTime" format="integer" />
        <!-- 扫描框中心点在屏幕垂直方向的比例，当设置此值时，会忽略 qrcv_topOffset -->
        <attr name="qrcv_verticalBias" format="float" />
        <!-- Toolbar的高度，当有设置qrcv_isCenterVertical属性时，通过该属性来修正有Toolbar时导致扫描框垂直居中的偏差，默认值为0dp -->
        <attr name="qrcv_toolbarHeight" format="dimension|reference" />
        <!-- 扫描框的样式是否为扫条形码样式，默认值为false -->
        <attr name="qrcv_isBarcode" format="boolean" />
        <!-- 扫描二维码时的提示文案，默认值为null -->
        <attr name="qrcv_qrCodeTipText" format="string|reference" />
        <!-- 扫描条码时的提示文案，默认值为null -->
        <attr name="qrcv_barCodeTipText" format="string|reference" />
        <!-- 提示文案字体大小，默认值为14sp -->
        <attr name="qrcv_tipTextSize" format="dimension|reference" />
        <!-- 提示文案颜色，默认值为@android:color/white -->
        <attr name="qrcv_tipTextColor" format="color|reference" />
        <!-- 提示文案是否在扫描框的底部，默认值为false -->
        <attr name="qrcv_isTipTextBelowRect" format="boolean" />
        <!-- 提示文案与扫描框之间的间距，默认值为20dp -->
        <attr name="qrcv_tipTextMargin" format="dimension|reference" />
        <!-- 是否把提示文案作为单行显示，默认值为false -->
        <attr name="qrcv_isShowTipTextAsSingleLine" format="boolean" />
        <!-- 是否显示提示文案的背景，默认值为false -->
        <attr name="qrcv_isShowTipBackground" format="boolean" />
        <!-- 提示文案的背景色，默认值为#22000000 -->
        <attr name="qrcv_tipBackgroundColor" format="color|reference" />
        <!-- 扫描线是否来回移动，默认值为true -->
        <attr name="qrcv_isScanLineReverse" format="boolean" />
        <!-- 是否显示默认的网格图片扫描线，默认值为false -->
        <attr name="qrcv_isShowDefaultGridScanLineDrawable" format="boolean" />
        <!-- 扫描线的网格图片资源，默认值为null -->
        <attr name="qrcv_customGridScanLineDrawable" format="reference" />
        <!-- 是否只识别扫描框中的码，默认值为false -->
        <attr name="qrcv_isOnlyDecodeScanBoxArea" format="boolean" />
        <!-- 是否显示定位点，默认值为false -->
        <attr name="qrcv_isShowLocationPoint" format="boolean" />
        <!-- 码太小时是否自动缩放，默认值为false -->
        <attr name="qrcv_isAutoZoom" format="boolean" />
    </declare-styleable>

    <!-- indicator -->
    <!-- 设置显示器颜色 -->
    <attr name="tl_indicator_color" format="color" />
    <!-- 设置显示器高度 -->
    <attr name="tl_indicator_height" format="dimension" />
    <!-- 设置显示器固定宽度 -->
    <attr name="tl_indicator_width" format="dimension" />
    <!-- 设置显示器margin,当indicator_width大于0,无效 -->
    <attr name="tl_indicator_margin_left" format="dimension" />
    <attr name="tl_indicator_margin_top" format="dimension" />
    <attr name="tl_indicator_margin_right" format="dimension" />
    <attr name="tl_indicator_margin_bottom" format="dimension" />
    <!-- 设置显示器圆角弧度-->
    <attr name="tl_indicator_corner_radius" format="dimension" />
    <!-- 设置显示器上方还是下方,只对圆角矩形有用-->
    <attr name="tl_indicator_gravity" format="enum">
        <enum name="TOP" value="48" />
        <enum name="BOTTOM" value="80" />
    </attr>
    <!-- 设置显示器为常规|三角形|背景色块|-->
    <attr name="tl_indicator_style" format="enum">
        <enum name="NORMAL" value="0" />
        <enum name="TRIANGLE" value="1" />
        <enum name="BLOCK" value="2" />
    </attr>
    <!-- 设置显示器长度与title一样长,只有在STYLE_NORMAL并且indicatorWidth小于零有效-->
    <attr name="tl_indicator_width_equal_title" format="boolean" />
    <!-- 设置显示器支持动画-->
    <attr name="tl_indicator_anim_enable" format="boolean" />
    <!-- 设置显示器动画时间-->
    <attr name="tl_indicator_anim_duration" format="integer" />
    <!-- 设置显示器支持动画回弹效果-->
    <attr name="tl_indicator_bounce_enable" format="boolean" />

    <!-- underline -->
    <!-- 设置下划线颜色 -->
    <attr name="tl_underline_color" format="color" />
    <!-- 设置下划线高度 -->
    <attr name="tl_underline_height" format="dimension" />
    <!-- 设置下划线上方还是下方-->
    <attr name="tl_underline_gravity" format="enum">
        <enum name="TOP" value="48" />
        <enum name="BOTTOM" value="80" />
    </attr>

    <!-- divider -->
    <!-- 设置分割线颜色 -->
    <attr name="tl_divider_color" format="color" />
    <!-- 设置分割线宽度 -->
    <attr name="tl_divider_width" format="dimension" />
    <!-- 设置分割线的paddingTop和paddingBottom -->
    <attr name="tl_divider_padding" format="dimension" />

    <!-- tab -->
    <!-- 设置tab的paddingLeft和paddingRight -->
    <attr name="tl_tab_padding" format="dimension" />
    <!-- 设置tab大小等分 -->
    <attr name="tl_tab_space_equal" format="boolean" />
    <!-- 设置tab固定大小 -->
    <attr name="tl_tab_width" format="dimension" />

    <!-- title -->
    <!-- 设置字体大小 -->
    <attr name="tl_textsize" format="dimension" />
    <!-- 设置字体选中颜色 -->
    <attr name="tl_textSelectColor" format="color" />
    <!-- 设置字体未选中颜色 -->
    <attr name="tl_textUnselectColor" format="color" />
    <!-- 设置字体加粗 -->
    <attr name="tl_textBold" format="enum">
        <enum name="NONE" value="0" />
        <enum name="SELECT" value="1" />
        <enum name="BOTH" value="2" />
    </attr>
    <!-- 设置字体全大写 -->
    <attr name="tl_textAllCaps" format="boolean" />

    <declare-styleable name="CommonTabLayout">
        <!-- indicator -->
        <attr name="tl_indicator_color" />
        <attr name="tl_indicator_height" />
        <attr name="tl_indicator_width" />
        <attr name="tl_indicator_margin_left" />
        <attr name="tl_indicator_margin_top" />
        <attr name="tl_indicator_margin_right" />
        <attr name="tl_indicator_margin_bottom" />
        <attr name="tl_indicator_corner_radius" />
        <attr name="tl_indicator_gravity" />
        <attr name="tl_indicator_style" />
        <attr name="tl_indicator_anim_enable" />
        <attr name="tl_indicator_anim_duration" />
        <attr name="tl_indicator_bounce_enable" />

        <!-- underline -->
        <attr name="tl_underline_color" />
        <attr name="tl_underline_height" />
        <attr name="tl_underline_gravity" />

        <!-- divider -->
        <attr name="tl_divider_color" />
        <attr name="tl_divider_width" />
        <attr name="tl_divider_padding" />

        <!-- tab -->
        <attr name="tl_tab_padding" />
        <attr name="tl_tab_space_equal" />
        <attr name="tl_tab_width" />

        <!-- title -->
        <attr name="tl_textsize" />
        <attr name="tl_textSelectColor" />
        <attr name="tl_textUnselectColor" />
        <attr name="tl_textBold" />
        <attr name="tl_textAllCaps" />

        <!-- icon -->
        <!-- 设置icon宽度 -->
        <attr name="tl_iconWidth" format="dimension" />
        <!-- 设置icon高度 -->
        <attr name="tl_iconHeight" format="dimension" />
        <!-- 设置icon是否可见 -->
        <attr name="tl_iconVisible" format="boolean" />
        <!-- 设置icon显示位置,对应Gravity中常量值 -->
        <attr name="tl_iconGravity" format="enum">
            <enum name="LEFT" value="3" />
            <enum name="TOP" value="48" />
            <enum name="RIGHT" value="5" />
            <enum name="BOTTOM" value="80" />
        </attr>
        <!-- 设置icon与文字间距 -->
        <attr name="tl_iconMargin" format="dimension" />

    </declare-styleable>

    <declare-styleable name="SegmentTabLayout">
        <!-- indicator -->
        <attr name="tl_indicator_color" />
        <attr name="tl_indicator_height" />
        <attr name="tl_indicator_margin_left" />
        <attr name="tl_indicator_margin_top" />
        <attr name="tl_indicator_margin_right" />
        <attr name="tl_indicator_margin_bottom" />
        <attr name="tl_indicator_corner_radius" />
        <attr name="tl_indicator_anim_enable" />
        <attr name="tl_indicator_anim_duration" />
        <attr name="tl_indicator_bounce_enable" />

        <!-- divider -->
        <attr name="tl_divider_color" />
        <attr name="tl_divider_width" />
        <attr name="tl_divider_padding" />

        <!-- tab -->
        <attr name="tl_tab_padding" />
        <attr name="tl_tab_space_equal" />
        <attr name="tl_tab_width" />

        <!-- title -->
        <attr name="tl_textsize" />
        <attr name="tl_textSelectColor" />
        <attr name="tl_textUnselectColor" />
        <attr name="tl_textBold" />
        <attr name="tl_textAllCaps" />

        <attr name="tl_bar_color" format="color" />
        <attr name="tl_bar_stroke_color" format="color" />
        <attr name="tl_bar_stroke_width" format="dimension" />

    </declare-styleable>

    <declare-styleable name="MsgView">
        <!-- 圆角矩形背景色 -->
        <attr name="mv_backgroundColor" format="color" />
        <!-- 圆角弧度,单位dp-->
        <attr name="mv_cornerRadius" format="dimension" />
        <!-- 圆角弧度,单位dp-->
        <attr name="mv_strokeWidth" format="dimension" />
        <!-- 圆角边框颜色-->
        <attr name="mv_strokeColor" format="color" />
        <!-- 圆角弧度是高度一半-->
        <attr name="mv_isRadiusHalfHeight" format="boolean" />
        <!-- 圆角矩形宽高相等,取较宽高中大值-->
        <attr name="mv_isWidthHeightEqual" format="boolean" />
    </declare-styleable>

    <declare-styleable name="ShadowLayout">
        <!--阴影的圆角大小-->

        <attr name="hl_cornerRadius" format="dimension" />
        <attr name="hl_cornerRadius_leftTop" format="dimension" />
        <attr name="hl_cornerRadius_rigthTop" format="dimension" />
        <attr name="hl_cornerRadius_leftBottom" format="dimension" />
        <attr name="hl_cornerRadius_rightBottom" format="dimension" />
        <!--阴影的扩散范围(也可以理解为扩散程度)-->
        <attr name="hl_shadowLimit" format="dimension" />
        <attr name="hl_shadowColor" format="color" />
        <attr name="hl_shadowBackColor" format="color" />
        <attr name="hl_shadowBackColorClicked" format="color" />
        <!--x轴的偏移量-->
        <attr name="hl_dx" format="dimension" />
        <!--y轴的偏移量-->
        <attr name="hl_dy" format="dimension" />
        <!--左边是否显示阴影-->
        <attr name="hl_leftShow" format="boolean" />
        <!--右边是否显示阴影-->
        <attr name="hl_rightShow" format="boolean" />
        <!--上边是否显示阴影-->
        <attr name="hl_topShow" format="boolean" />
        <!--下面是否显示阴影-->
        <attr name="hl_bottomShow" format="boolean" />

        <!-- 新增selector样式，是pressed叫是sectored还是2者都需要 -->
        <attr name="hl_selectorMode">
            <flag name="pressed" value="1" />
            <flag name="selected" value="2" />
        </attr>

        <!--        是否要显示应用，可能有只想用shape这块，不想要阴影-->
        <attr name="hl_isShowShadow" format="boolean" />

        <!--控件区域是否对称，默认是对称。不对称的话，那么控件区域随着阴影区域走-->
        <attr name="hl_isSym" format="boolean" />

    </declare-styleable>

    <attr name="strokeColor" format="color" />
    <attr name="speed">
        <enum name="speedOne" value="1" />
        <enum name="speedTwo" value="2" />
    </attr>

    <declare-styleable name="RightDiaView">
        <attr name="strokeColor" />
        <attr name="speed" />
    </declare-styleable>

    <declare-styleable name="WrongDiaView">
        <attr name="strokeColor" />
        <attr name="speed" />
    </declare-styleable>

</resources>