<?xml version="1.0" encoding="utf-8"?>
<resources>
    <!--加载dialog的style-->
    <style name="loading_dialog" parent="android:style/Theme.Dialog">
        <item name="android:windowFrame">@null</item>
        <item name="android:windowNoTitle">true</item>
        <item name="android:windowBackground">@android:color/transparent</item>
        <item name="android:windowIsFloating">true</item>
        <item name="android:backgroundDimEnabled">true</item>
        <item name="android:windowContentOverlay">@null</item>
    </style>
</resources>