{
  "name": "update sample",
  "version": "0.1.1",
  "code": 0,
  "publisher": "King-1025",
  "date": "2020-08-24 07:48:25",
  "details": "这是一个样本升级包",
  "isForceUpdate": true,
  "mode": 0,
  "command": "start easyconfigir.exe",
  "items": [
    {
      "name": "ui-0.1.0.jar",
      "details": "主程序包",
      "url": "http://127.0.0.1/update_package/ui-0.1.0.jar",
      "location": "lib",
      "action": 0
    },
    {
      "name": "update-0.1.0.jar",
      "details": "升级程序包",
      "url": "http://127.0.0.1/update_package/update-0.1.0.jar",
      "location": "lib",
      "action": 0
    },
    {
      "name": "修复程序",
      "details": "修复程序包",
      "url": "http://127.0.0.1/update_package/update-0.1.0.jar",
      "location": "#run ",
      "action": 0
    }
  ]
}