<?xml version="1.0" encoding="utf-8"?>
<resources>

    <declare-styleable name="BaseLayout">
        <attr name="bl_text" format="string|reference" />
        <attr name="bl_text_size" format="float" />
        <attr name="bl_text_color" format="color|reference" />

        <attr name="bl_left_text" format="string|reference" />
        <attr name="bl_left_text_size" format="float" />
        <attr name="bl_left_text_color" format="color|reference" />

        <attr name="bl_right_text" format="string|reference" />
        <attr name="bl_right_text_size" format="float" />
        <attr name="bl_right_text_color" format="color|reference" />

        <attr name="bl_top_text" format="string|reference" />
        <attr name="bl_top_text_size" format="float" />
        <attr name="bl_top_text_color" format="color|reference" />

        <attr name="bl_bottom_text" format="string|reference" />
        <attr name="bl_bottom_text_size" format="float" />
        <attr name="bl_bottom_text_color" format="color|reference" />

        <attr name="bl_input_text" format="string|reference" />
        <attr name="bl_input_line_visible" format="boolean" />
        <attr name="bl_input_edit_enable" format="boolean" />
        <attr name="bl_input_hint" format="string|reference" />
        <attr name="bl_input_hint_text_color" format="color|reference" />
        <attr name="bl_input_ems" format="integer" />
        <attr name="bl_input_content_right" format="boolean" />

        <attr name="bl_button_text" format="string|reference" />
        <attr name="bl_button_text_size" format="float" />
        <attr name="bl_button_text_color" format="color|reference" />
        <attr name="bl_button_background_color" format="color|reference" />
        <attr name="bl_button_background" format="reference" />

        <attr name="bl_center_line_visible" format="boolean" />
        <attr name="bl_bottom_line_visible" format="boolean" />
    </declare-styleable>

    <declare-styleable name="LineLayout">
        <attr name="ll_text" format="string|reference" />
        <attr name="ll_text_size" format="float" />
        <attr name="ll_text_color" format="color|reference" />
    </declare-styleable>

    <declare-styleable name="DoubleLayout">
        <attr name="dl_top_text" format="string|reference" />
        <attr name="dl_top_text_size" format="float" />
        <attr name="dl_top_text_color" format="color|reference" />

        <attr name="dl_bottom_text" format="string|reference" />
        <attr name="dl_bottom_text_size" format="float" />
        <attr name="dl_bottom_text_color" format="color|reference" />
    </declare-styleable>
    
</resources>