<?xml version="1.0" encoding="utf-8"?>
<resources>
    <!--   主色调-->
    <color name="colorPrimary">#009687</color>
    <color name="colorPrimaryDark">#009687</color>
    <color name="colorAccent">#03CAB5</color>

    <!--    默认值-->
    <color name="default_text_color">#101010</color>
    <color name="default_button_text_color">#828282</color>
    <color name="default_button_background_color">#F6F6F6</color>
    <color name="default_hint_text_color">#828282</color>

    <color name="line_color">#FFF6F6F6</color>


    <color name="connect_button_text_color">#FFFFFF</color>
    <color name="connect_button_background_color">#FF9800</color>

    <color name="white">#FFFFFF</color>
    <color name="layout_gray">#FFF6F6F6</color>

    <color name="add_device_button_text_color">#FF9800</color>
    <color name="add_device_button_color">#1AFF9800</color>
</resources>
