<?xml version="1.0" encoding="utf-8"?>
<resources>
    <dimen name="dp_3">3dp</dimen>
    <dimen name="dp_5">5dp</dimen>
    <dimen name="dp_10">10dp</dimen>
    <dimen name="dp_15">15dp</dimen>
    <dimen name="dp_0">0dp</dimen>
    <dimen name="dp_20">20dp</dimen>

    <dimen name="default_button_width">60dp</dimen>
    <dimen name="default_button_height">24dp</dimen>

    <dimen name="default_big_button_width">60dp</dimen>
    <dimen name="default_big_button_height">58dp</dimen>

    <dimen name="default_line_height">55dp</dimen>

    <dimen name="control_button_size">24dp</dimen>
    <dimen name="control_button_margin">20dp</dimen>

    <dimen name="preset_list_button_size">20dp</dimen>
    <dimen name="preset_list_button_margin">15dp</dimen>
    <dimen name="switch_view_size">24dp</dimen>
</resources>