<resources>
    <!-- 顶部指示器文本 -->
    <string-array name="top_tab_text_array">
        <item>可见光</item>
        <item>红外</item>
    </string-array>

    <!-- 底部指示器文本 -->
    <string-array name="bottom_tab_text_array">
        <item>设备管理</item>
        <item>预设点管理</item>
        <!--        <item>预设点编辑</item>-->
    </string-array>

    <string name="device_number">设备编号</string>
    <string name="device_mac">MAC</string>

    <string name="device_number_and_mac">设备编号/MAC</string>

    <string name="temp_ip">临时IP</string>
    <string name="connect">连接</string>
    <string name="disconnect">断开</string>
    <string name="wifi_name">WIFI名称</string>
    <string name="wifi_password">WIFI密码</string>
    <string name="update">更新</string>
    <string name="set">设置</string>
    <string name="server_address">服务器地址</string>
    <string name="emissivity">辐射率</string>
    <string name="capture_text_0">抓拍: 间隔</string>
    <string name="capture_text_1">巡视: 间隔</string>
    <string name="min">分钟</string>

    <string name="s_text">S (&#x0020;&#x0020;)</string>
    <string name="r_text">R (圆角)</string>
    <string name="l_text">L (水平偏移)</string>
    <string name="t_text">T (垂直偏移)</string>

    <string name="preset_item_call_or_add">预设点添加或调用</string>
    <string name="preset_item_modify">预设点编辑</string>

    <string name="save">保存</string>
    <string name="test">测试</string>

    <string name="miles">米</string>
    <string name="temp_char">&#176;C</string>
    <string name="warn_temp">告警温度</string>
    <string name="distance">测温距离</string>
    <string name="please_input">请输入</string>
    <string name="warn_temp_hint">80</string>
    <string name="switch_desc">下</string>
    <string name="switch_no">否</string>
    <string name="switch_yes">是</string>

    <string name="lookup_point">守望点</string>
    <string name="important_track">重点跟踪</string>

    <string name="add_device">+\ \ \ \ \ 添加设备</string>
    <string name="default_device_tag">设备</string>
    <string name="default_device_name">未命名</string>
    <string name="limit_device_count_warn">最多添加%1$d个设备</string>
    <string name="view_position">视图位置</string>
    <string name="delete_device_info">删除设备%1$d</string>
    <string name="add_device_info">添加设备%1$d</string>

    <string name="default_hs_ip">192.168.8.100</string>
    <string name="default_hs_url">hs://192.168.8.100</string>

    <string name="high_title">可见光视频</string>
    <string name="ir_title">红外视频</string>

    <string name="device_config">设备配置</string>
    <string name="preset_point_edit">预设点编辑</string>

    <string name="test_device_number">a2b95951462d4a12b15d05d3dd6a8c3f</string>
    <string name="test_device_mac">b827eba16b6b</string>

    <string name="qr_scan">二维码/条形码扫描</string>
    <string name="device_info_scan">设备扫描</string>
    <string name="args_scan">参数扫描</string>
</resources>