<?xml version="1.0" encoding="UTF-8" ?>
<!DOCTYPE configuration PUBLIC "-//mybatis.org//DTD Config 3.0//EN" "http://mybatis.org/dtd/mybatis-3-config.dtd">
<configuration>
  <properties resource="jdbc.properties"/>
  <environments default="development">
    <environment id="development">
      <transactionManager type="JDBC"/>
      <dataSource type="POOLED">
        <property name="driver" value="${driver}"/>
        <property name="url" value="${url}"/>
        <property name="username" value="${username}"/>
        <property name="password" value="${password}"/>
      </dataSource>
    </environment>
  </environments>
  <mappers>
     <mapper resource="mapper/DeviceMapper.xml"/>
     <mapper resource="mapper/MQTTServerMapper.xml"/>
     <mapper resource="mapper/RtspServerMapper.xml"/>
     <mapper resource="mapper/ServerMapper.xml"/>
     <mapper resource="mapper/StatusMapper.xml"/>
     <mapper resource="mapper/TopicMapper.xml"/>
     <mapper resource="mapper/TypeMapper.xml"/>
  </mappers>
</configuration>
