<?xml version="1.0" encoding="UTF-8"?>
<!DOCTYPE generatorConfiguration PUBLIC "-//mybatis.org//DTD MyBatis Generator Configuration 1.0//EN" "http://mybatis.org/dtd/mybatis-generator-config_1_0.dtd">
<generatorConfiguration>
    <context id="my" targetRuntime="MyBatis3">
        <!--自动实现Serializable接口-->
        <plugin type="org.mybatis.generator.plugins.SerializablePlugin"></plugin>
        <!-- 去除自动生成的注释 -->
        <commentGenerator>
            <property name="suppressAllComments" value="true" />
        </commentGenerator>

        <!--数据库基本信息-->
	<jdbcConnection
		driverClass="org.sqlite.JDBC"
		connectionURL="jdbc:sqlite:D:\OO\project\java\EasyConfigIR\database\resources\data\easyconfigir.db">
        </jdbcConnection>

        <!--生成实体类的位置以及包的名字-->
        <!--同样Mac用户：targetProject 为全路径-->
	<javaModelGenerator 
	     targetPackage="king.autogen.model"
	     targetProject="D:\OO\project\java\EasyConfigIR\database\code"
        >
            <!-- enableSubPackages:是否让schema作为包的后缀 -->
            <property name="enableSubPackages" value="true" />
            <!-- 从数据库返回的值被清理前后的空格 -->
            <property name="trimStrings" value="true" />
  </javaModelGenerator>

        <!--生成映射文件存放位置-->
        <sqlMapGenerator 
	    targetPackage="mapper" 
	    targetProject="D:\OO\project\java\EasyConfigIR\database\resources"
	>
             <!-- enableSubPackages:是否让schema作为包的后缀 -->
             <property name="enableSubPackages" value="false"/>
        </sqlMapGenerator>

	<javaClientGenerator
	    type="XMLMAPPER" 
	    targetPackage="king.autogen.mapper"
	    targetProject="D:\OO\project\java\EasyConfigIR\database\code"
	>
           <!-- enableSubPackages:是否让schema作为包的后缀 -->
           <property name="enableSubPackages" value="false"/>
        </javaClientGenerator>

        <!-- 配置表信息 -->
        <!-- schema即为数据库名 tableName为对应的数据库表 domainObjectName是要生成的实体类 enable*ByExample 是否生成 example类 -->
	       <table schema="db_easyconfigir"  
	             tableName="tb_mqtt_server" 
	             domainObjectName="MQTTServer"/>
	       <table schema="db_easyconfigir"  
	             tableName="tb_device" 
	             domainObjectName="Device"/>
	       <table schema="db_easyconfigir"  
	             tableName="tb_mqtt_topic" 
	             domainObjectName="Topic"/>
	       <table schema="db_easyconfigir"  
	             tableName="tb_rtsp_server" 
	             domainObjectName="RtspServer"/>
	      <table schema="db_easyconfigir"  
	             tableName="tb_server" 
	             domainObjectName="Server"/>
	      <table schema="db_easyconfigir"  
	             tableName="tb_status" 
	             domainObjectName="Status"/>
	      <table schema="db_easyconfigir"  
	             tableName="tb_type" 
	             domainObjectName="Type"/>
	             
	     <!-- 
	       enableCountByExample="false"
	       enableDeleteByExample="false"
	       enableSelectByExample="false"
	       enableUpdateByExample="false"
	     -->

    </context>
</generatorConfiguration>
