{
  "name": "主菜单条",
  "menus": [
    {
      "title": "预设点",
      "items": [
        "控制面板",
        "扫描全部",
        "清除全部"
      ]
    },
    {
      "title": "设备",
      "items": [
        "校准云台",
        "复位参数",
        "复位系统",
        "获取红外帧",
        "重启SSH服务",
        "区域测温/云台操控"
      ]
    },
    {
      "title": "局域网",
      "items": [
        "搜索设备"
      ]
    },
    {
      "title": "高级",
      "items": [
        "视频控制",
        "更新控制",
        "推流控制",
        "其它控制"
      ]
    },
    {
      "title": "帮助",
      "items": [
        "常见问题",
        "检查更新",
        "版本信息",
        "退出应用"
      ]
    }
  ]
}