{
  "name": "主菜单条",
  "menus": [
    {
      "title": "服务器",
      "items": [
        "新建",
        "退出"
      ]
    },
    {
      "title": "设备",
      "items": [
        "清空",
        "刷新"
      ]
    },
    {
      "title": "局域网",
      "items": [
        "扫描"
      ]
    },
    {
      "title": "高级",
      "items": [
        "多设备测试",
        "更换皮肤"
      ]
    },
    {
      "title": "帮助",
      "items": [
        "常见问题",
        "检查更新",
        "版本信息"
      ]
    }
  ]
}