[
  {
    "ysdid": "35b62a61001a490e94a18cf7df0bbd10",
    "areaid": "cb5ce04c21404011b29a31d6eeab4a42",
    "areaname": "生产测试工区",
    "fenbuid": "743ff3fc2a8640bfa622fd324da1b731",
    "fenbuname": "生产测试分部",
    "ywbid": "cd17e1d5513a4c85b2946989be2fa108",
    "ywbname": "生产测试运维班",
    "stationid": "98c11b4fb0f64caab016f11727c07d85",
    "stationname": "生产测试变电站",
    "buildingid": "f95787e183a54ca0a720af929356fbf3",
    "buildingname": "生产测试区-轻院",
    "machineid": "a2b95951462d4a12b15d05d3dd6a8c3f",
    "machinename": "5197",
    "ysdname": "1",
    "iskeypoint": null,
    "isroundpoint": null,
    "createtime": "\/Date(1597819848000)\/",
    "orderindex": 1
  },
  {
    "ysdid": "d8ed4ddce1c14459b90f0fcff100955d",
    "areaid": "cb5ce04c21404011b29a31d6eeab4a42",
    "areaname": "生产测试工区",
    "fenbuid": "743ff3fc2a8640bfa622fd324da1b731",
    "fenbuname": "生产测试分部",
    "ywbid": "cd17e1d5513a4c85b2946989be2fa108",
    "ywbname": "生产测试运维班",
    "stationid": "98c11b4fb0f64caab016f11727c07d85",
    "stationname": "生产测试变电站",
    "buildingid": "f95787e183a54ca0a720af929356fbf3",
    "buildingname": "生产测试区-轻院",
    "machineid": "a2b95951462d4a12b15d05d3dd6a8c3f",
    "machinename": "5197",
    "ysdname": "2",
    "iskeypoint": null,
    "isroundpoint": null,
    "createtime": "\/Date(1597819848000)\/",
    "orderindex": 2
  },
  {
    "ysdid": "7929ff5c972d4caeb21d029af29b5369",
    "areaid": "cb5ce04c21404011b29a31d6eeab4a42",
    "areaname": "生产测试工区",
    "fenbuid": "743ff3fc2a8640bfa622fd324da1b731",
    "fenbuname": "生产测试分部",
    "ywbid": "cd17e1d5513a4c85b2946989be2fa108",
    "ywbname": "生产测试运维班",
    "stationid": "98c11b4fb0f64caab016f11727c07d85",
    "stationname": "生产测试变电站",
    "buildingid": "f95787e183a54ca0a720af929356fbf3",
    "buildingname": "生产测试区-轻院",
    "machineid": "a2b95951462d4a12b15d05d3dd6a8c3f",
    "machinename": "5197",
    "ysdname": "3",
    "iskeypoint": null,
    "isroundpoint": null,
    "createtime": "\/Date(1597819848000)\/",
    "orderindex": 3
  }
]