[
  {
    "deviceid": "17a39cb8abba43b3a2eeff9a9e7617eb",
    "areaid": "cb5ce04c21404011b29a31d6eeab4a42",
    "areaname": "生产测试工区",
    "fenbuid": "743ff3fc2a8640bfa622fd324da1b731",
    "fenbuname": "生产测试分部",
    "ywbid": "cd17e1d5513a4c85b2946989be2fa108",
    "ywbname": "生产测试运维班",
    "stationid": "98c11b4fb0f64caab016f11727c07d85",
    "stationname": "生产测试变电站",
    "buildingid": "f95787e183a54ca0a720af929356fbf3",
    "buildingname": "生产测试区-轻院",
    "machineid": "a2b95951462d4a12b15d05d3dd6a8c3f",
    "machinename": "5197",
    "ysdname": "1",
    "ysdindex": "35b62a61001a490e94a18cf7df0bbd10",
    "devicename": "5197-A",
    "iskeypoint": "0",
    "isroundpoint": "0",
    "isopen": "1",
    "distance": 4,
    "fuhe": "",
    "offsethuman": null,
    "offsetvalue": "80",
    "ysdtype": "请选择",
    "ysdlevel": "",
    "isok": "0",
    "isalarm": "0",
    "yestodaytop": "0.0",
    "todaytop": "0.0",
    "weektop": "0.0",
    "monthtop": "0.0",
    "historytop": "0.0",
    "image_red": null,
    "image_high": null,
    "image_mix": null,
    "createtime": "\/Date(1597819883000)\/",
    "templist": null,
    "fuhelist": null,
    "orderindex": 1,
    "todaymaxid": null,
    "yestodaymaxid": null,
    "weekmaxid": null,
    "monthmaxid": null,
    "historymaxid": null,
    "todaymax": "0.0",
    "monthmax": "0.0"
  }
]