<?xml version="1.0" encoding="UTF-8"?>
<!DOCTYPE mapper PUBLIC "-//mybatis.org//DTD Mapper 3.0//EN" "http://mybatis.org/dtd/mybatis-3-mapper.dtd">
<mapper namespace="king.autogen.mapper.DeviceMapper">
  <resultMap id="BaseResultMap" type="king.autogen.model.Device">
    <id column="id" jdbcType="INTEGER" property="id" />
    <result column="name" jdbcType="VARCHAR" property="name" />
    <result column="code" jdbcType="VARCHAR" property="code" />
    <result column="icon" jdbcType="VARCHAR" property="icon" />
    <result column="details" jdbcType="VARCHAR" property="details" />
    <result column="createdate" jdbcType="VARCHAR" property="createdate" />
    <result column="onlinedate" jdbcType="VARCHAR" property="onlinedate" />
    <result column="status" jdbcType="INTEGER" property="status" />
    <result column="tid" jdbcType="INTEGER" property="tid" />
    <result column="control_sid" jdbcType="INTEGER" property="controlSid" />
    <result column="high_sid" jdbcType="INTEGER" property="highSid" />
    <result column="ir_sid" jdbcType="INTEGER" property="irSid" />
  </resultMap>
  <sql id="Example_Where_Clause">
    <where>
      <foreach collection="oredCriteria" item="criteria" separator="or">
        <if test="criteria.valid">
          <trim prefix="(" prefixOverrides="and" suffix=")">
            <foreach collection="criteria.criteria" item="criterion">
              <choose>
                <when test="criterion.noValue">
                  and ${criterion.condition}
                </when>
                <when test="criterion.singleValue">
                  and ${criterion.condition} #{criterion.value}
                </when>
                <when test="criterion.betweenValue">
                  and ${criterion.condition} #{criterion.value} and #{criterion.secondValue}
                </when>
                <when test="criterion.listValue">
                  and ${criterion.condition}
                  <foreach close=")" collection="criterion.value" item="listItem" open="(" separator=",">
                    #{listItem}
                  </foreach>
                </when>
              </choose>
            </foreach>
          </trim>
        </if>
      </foreach>
    </where>
  </sql>
  <sql id="Update_By_Example_Where_Clause">
    <where>
      <foreach collection="example.oredCriteria" item="criteria" separator="or">
        <if test="criteria.valid">
          <trim prefix="(" prefixOverrides="and" suffix=")">
            <foreach collection="criteria.criteria" item="criterion">
              <choose>
                <when test="criterion.noValue">
                  and ${criterion.condition}
                </when>
                <when test="criterion.singleValue">
                  and ${criterion.condition} #{criterion.value}
                </when>
                <when test="criterion.betweenValue">
                  and ${criterion.condition} #{criterion.value} and #{criterion.secondValue}
                </when>
                <when test="criterion.listValue">
                  and ${criterion.condition}
                  <foreach close=")" collection="criterion.value" item="listItem" open="(" separator=",">
                    #{listItem}
                  </foreach>
                </when>
              </choose>
            </foreach>
          </trim>
        </if>
      </foreach>
    </where>
  </sql>
  <sql id="Base_Column_List">
    id, name, code, icon, details, createdate, onlinedate, status, tid, control_sid, 
    high_sid, ir_sid
  </sql>
  <select id="selectByExample" parameterType="king.autogen.model.DeviceExample" resultMap="BaseResultMap">
    select
    <if test="distinct">
      distinct
    </if>
    <include refid="Base_Column_List" />
    from tb_device
    <if test="_parameter != null">
      <include refid="Example_Where_Clause" />
    </if>
    <if test="orderByClause != null">
      order by ${orderByClause}
    </if>
  </select>
  <select id="selectByPrimaryKey" parameterType="java.lang.Integer" resultMap="BaseResultMap">
    select 
    <include refid="Base_Column_List" />
    from tb_device
    where id = #{id,jdbcType=INTEGER}
  </select>
  <delete id="deleteByPrimaryKey" parameterType="java.lang.Integer">
    delete from tb_device
    where id = #{id,jdbcType=INTEGER}
  </delete>
  <delete id="deleteByExample" parameterType="king.autogen.model.DeviceExample">
    delete from tb_device
    <if test="_parameter != null">
      <include refid="Example_Where_Clause" />
    </if>
  </delete>
  <insert id="insert" parameterType="king.autogen.model.Device">
    insert into tb_device (id, name, code, 
      icon, details, createdate, 
      onlinedate, status, tid, 
      control_sid, high_sid, ir_sid
      )
    values (#{id,jdbcType=INTEGER}, #{name,jdbcType=VARCHAR}, #{code,jdbcType=VARCHAR}, 
      #{icon,jdbcType=VARCHAR}, #{details,jdbcType=VARCHAR}, #{createdate,jdbcType=VARCHAR}, 
      #{onlinedate,jdbcType=VARCHAR}, #{status,jdbcType=INTEGER}, #{tid,jdbcType=INTEGER}, 
      #{controlSid,jdbcType=INTEGER}, #{highSid,jdbcType=INTEGER}, #{irSid,jdbcType=INTEGER}
      )
  </insert>
  <insert id="insertSelective" parameterType="king.autogen.model.Device">
    insert into tb_device
    <trim prefix="(" suffix=")" suffixOverrides=",">
      <if test="id != null">
        id,
      </if>
      <if test="name != null">
        name,
      </if>
      <if test="code != null">
        code,
      </if>
      <if test="icon != null">
        icon,
      </if>
      <if test="details != null">
        details,
      </if>
      <if test="createdate != null">
        createdate,
      </if>
      <if test="onlinedate != null">
        onlinedate,
      </if>
      <if test="status != null">
        status,
      </if>
      <if test="tid != null">
        tid,
      </if>
      <if test="controlSid != null">
        control_sid,
      </if>
      <if test="highSid != null">
        high_sid,
      </if>
      <if test="irSid != null">
        ir_sid,
      </if>
    </trim>
    <trim prefix="values (" suffix=")" suffixOverrides=",">
      <if test="id != null">
        #{id,jdbcType=INTEGER},
      </if>
      <if test="name != null">
        #{name,jdbcType=VARCHAR},
      </if>
      <if test="code != null">
        #{code,jdbcType=VARCHAR},
      </if>
      <if test="icon != null">
        #{icon,jdbcType=VARCHAR},
      </if>
      <if test="details != null">
        #{details,jdbcType=VARCHAR},
      </if>
      <if test="createdate != null">
        #{createdate,jdbcType=VARCHAR},
      </if>
      <if test="onlinedate != null">
        #{onlinedate,jdbcType=VARCHAR},
      </if>
      <if test="status != null">
        #{status,jdbcType=INTEGER},
      </if>
      <if test="tid != null">
        #{tid,jdbcType=INTEGER},
      </if>
      <if test="controlSid != null">
        #{controlSid,jdbcType=INTEGER},
      </if>
      <if test="highSid != null">
        #{highSid,jdbcType=INTEGER},
      </if>
      <if test="irSid != null">
        #{irSid,jdbcType=INTEGER},
      </if>
    </trim>
  </insert>
  <select id="countByExample" parameterType="king.autogen.model.DeviceExample" resultType="java.lang.Long">
    select count(*) from tb_device
    <if test="_parameter != null">
      <include refid="Example_Where_Clause" />
    </if>
  </select>
  <update id="updateByExampleSelective" parameterType="map">
    update tb_device
    <set>
      <if test="record.id != null">
        id = #{record.id,jdbcType=INTEGER},
      </if>
      <if test="record.name != null">
        name = #{record.name,jdbcType=VARCHAR},
      </if>
      <if test="record.code != null">
        code = #{record.code,jdbcType=VARCHAR},
      </if>
      <if test="record.icon != null">
        icon = #{record.icon,jdbcType=VARCHAR},
      </if>
      <if test="record.details != null">
        details = #{record.details,jdbcType=VARCHAR},
      </if>
      <if test="record.createdate != null">
        createdate = #{record.createdate,jdbcType=VARCHAR},
      </if>
      <if test="record.onlinedate != null">
        onlinedate = #{record.onlinedate,jdbcType=VARCHAR},
      </if>
      <if test="record.status != null">
        status = #{record.status,jdbcType=INTEGER},
      </if>
      <if test="record.tid != null">
        tid = #{record.tid,jdbcType=INTEGER},
      </if>
      <if test="record.controlSid != null">
        control_sid = #{record.controlSid,jdbcType=INTEGER},
      </if>
      <if test="record.highSid != null">
        high_sid = #{record.highSid,jdbcType=INTEGER},
      </if>
      <if test="record.irSid != null">
        ir_sid = #{record.irSid,jdbcType=INTEGER},
      </if>
    </set>
    <if test="_parameter != null">
      <include refid="Update_By_Example_Where_Clause" />
    </if>
  </update>
  <update id="updateByExample" parameterType="map">
    update tb_device
    set id = #{record.id,jdbcType=INTEGER},
      name = #{record.name,jdbcType=VARCHAR},
      code = #{record.code,jdbcType=VARCHAR},
      icon = #{record.icon,jdbcType=VARCHAR},
      details = #{record.details,jdbcType=VARCHAR},
      createdate = #{record.createdate,jdbcType=VARCHAR},
      onlinedate = #{record.onlinedate,jdbcType=VARCHAR},
      status = #{record.status,jdbcType=INTEGER},
      tid = #{record.tid,jdbcType=INTEGER},
      control_sid = #{record.controlSid,jdbcType=INTEGER},
      high_sid = #{record.highSid,jdbcType=INTEGER},
      ir_sid = #{record.irSid,jdbcType=INTEGER}
    <if test="_parameter != null">
      <include refid="Update_By_Example_Where_Clause" />
    </if>
  </update>
  <update id="updateByPrimaryKeySelective" parameterType="king.autogen.model.Device">
    update tb_device
    <set>
      <if test="name != null">
        name = #{name,jdbcType=VARCHAR},
      </if>
      <if test="code != null">
        code = #{code,jdbcType=VARCHAR},
      </if>
      <if test="icon != null">
        icon = #{icon,jdbcType=VARCHAR},
      </if>
      <if test="details != null">
        details = #{details,jdbcType=VARCHAR},
      </if>
      <if test="createdate != null">
        createdate = #{createdate,jdbcType=VARCHAR},
      </if>
      <if test="onlinedate != null">
        onlinedate = #{onlinedate,jdbcType=VARCHAR},
      </if>
      <if test="status != null">
        status = #{status,jdbcType=INTEGER},
      </if>
      <if test="tid != null">
        tid = #{tid,jdbcType=INTEGER},
      </if>
      <if test="controlSid != null">
        control_sid = #{controlSid,jdbcType=INTEGER},
      </if>
      <if test="highSid != null">
        high_sid = #{highSid,jdbcType=INTEGER},
      </if>
      <if test="irSid != null">
        ir_sid = #{irSid,jdbcType=INTEGER},
      </if>
    </set>
    where id = #{id,jdbcType=INTEGER}
  </update>
  <update id="updateByPrimaryKey" parameterType="king.autogen.model.Device">
    update tb_device
    set name = #{name,jdbcType=VARCHAR},
      code = #{code,jdbcType=VARCHAR},
      icon = #{icon,jdbcType=VARCHAR},
      details = #{details,jdbcType=VARCHAR},
      createdate = #{createdate,jdbcType=VARCHAR},
      onlinedate = #{onlinedate,jdbcType=VARCHAR},
      status = #{status,jdbcType=INTEGER},
      tid = #{tid,jdbcType=INTEGER},
      control_sid = #{controlSid,jdbcType=INTEGER},
      high_sid = #{highSid,jdbcType=INTEGER},
      ir_sid = #{irSid,jdbcType=INTEGER}
    where id = #{id,jdbcType=INTEGER}
  </update>
</mapper>