<?xml version="1.0" encoding="UTF-8"?>
<!DOCTYPE mapper PUBLIC "-//mybatis.org//DTD Mapper 3.0//EN" "http://mybatis.org/dtd/mybatis-3-mapper.dtd">
<mapper namespace="king.autogen.mapper.MQTTServerMapper">
  <resultMap id="BaseResultMap" type="king.autogen.model.MQTTServer">
    <id column="id" jdbcType="INTEGER" property="id" />
    <result column="host" jdbcType="VARCHAR" property="host" />
    <result column="port" jdbcType="VARCHAR" property="port" />
    <result column="username" jdbcType="VARCHAR" property="username" />
    <result column="password" jdbcType="VARCHAR" property="password" />
    <result column="client_id" jdbcType="VARCHAR" property="clientId" />
  </resultMap>
  <sql id="Example_Where_Clause">
    <where>
      <foreach collection="oredCriteria" item="criteria" separator="or">
        <if test="criteria.valid">
          <trim prefix="(" prefixOverrides="and" suffix=")">
            <foreach collection="criteria.criteria" item="criterion">
              <choose>
                <when test="criterion.noValue">
                  and ${criterion.condition}
                </when>
                <when test="criterion.singleValue">
                  and ${criterion.condition} #{criterion.value}
                </when>
                <when test="criterion.betweenValue">
                  and ${criterion.condition} #{criterion.value} and #{criterion.secondValue}
                </when>
                <when test="criterion.listValue">
                  and ${criterion.condition}
                  <foreach close=")" collection="criterion.value" item="listItem" open="(" separator=",">
                    #{listItem}
                  </foreach>
                </when>
              </choose>
            </foreach>
          </trim>
        </if>
      </foreach>
    </where>
  </sql>
  <sql id="Update_By_Example_Where_Clause">
    <where>
      <foreach collection="example.oredCriteria" item="criteria" separator="or">
        <if test="criteria.valid">
          <trim prefix="(" prefixOverrides="and" suffix=")">
            <foreach collection="criteria.criteria" item="criterion">
              <choose>
                <when test="criterion.noValue">
                  and ${criterion.condition}
                </when>
                <when test="criterion.singleValue">
                  and ${criterion.condition} #{criterion.value}
                </when>
                <when test="criterion.betweenValue">
                  and ${criterion.condition} #{criterion.value} and #{criterion.secondValue}
                </when>
                <when test="criterion.listValue">
                  and ${criterion.condition}
                  <foreach close=")" collection="criterion.value" item="listItem" open="(" separator=",">
                    #{listItem}
                  </foreach>
                </when>
              </choose>
            </foreach>
          </trim>
        </if>
      </foreach>
    </where>
  </sql>
  <sql id="Base_Column_List">
    id, host, port, username, password, client_id
  </sql>
  <select id="selectByExample" parameterType="king.autogen.model.MQTTServerExample" resultMap="BaseResultMap">
    select
    <if test="distinct">
      distinct
    </if>
    <include refid="Base_Column_List" />
    from tb_mqtt_server
    <if test="_parameter != null">
      <include refid="Example_Where_Clause" />
    </if>
    <if test="orderByClause != null">
      order by ${orderByClause}
    </if>
  </select>
  <select id="selectByPrimaryKey" parameterType="java.lang.Integer" resultMap="BaseResultMap">
    select 
    <include refid="Base_Column_List" />
    from tb_mqtt_server
    where id = #{id,jdbcType=INTEGER}
  </select>
  <delete id="deleteByPrimaryKey" parameterType="java.lang.Integer">
    delete from tb_mqtt_server
    where id = #{id,jdbcType=INTEGER}
  </delete>
  <delete id="deleteByExample" parameterType="king.autogen.model.MQTTServerExample">
    delete from tb_mqtt_server
    <if test="_parameter != null">
      <include refid="Example_Where_Clause" />
    </if>
  </delete>
  <insert id="insert" parameterType="king.autogen.model.MQTTServer">
    insert into tb_mqtt_server (id, host, port, 
      username, password, client_id
      )
    values (#{id,jdbcType=INTEGER}, #{host,jdbcType=VARCHAR}, #{port,jdbcType=VARCHAR}, 
      #{username,jdbcType=VARCHAR}, #{password,jdbcType=VARCHAR}, #{clientId,jdbcType=VARCHAR}
      )
  </insert>
  <insert id="insertSelective" parameterType="king.autogen.model.MQTTServer">
    insert into tb_mqtt_server
    <trim prefix="(" suffix=")" suffixOverrides=",">
      <if test="id != null">
        id,
      </if>
      <if test="host != null">
        host,
      </if>
      <if test="port != null">
        port,
      </if>
      <if test="username != null">
        username,
      </if>
      <if test="password != null">
        password,
      </if>
      <if test="clientId != null">
        client_id,
      </if>
    </trim>
    <trim prefix="values (" suffix=")" suffixOverrides=",">
      <if test="id != null">
        #{id,jdbcType=INTEGER},
      </if>
      <if test="host != null">
        #{host,jdbcType=VARCHAR},
      </if>
      <if test="port != null">
        #{port,jdbcType=VARCHAR},
      </if>
      <if test="username != null">
        #{username,jdbcType=VARCHAR},
      </if>
      <if test="password != null">
        #{password,jdbcType=VARCHAR},
      </if>
      <if test="clientId != null">
        #{clientId,jdbcType=VARCHAR},
      </if>
    </trim>
  </insert>
  <select id="countByExample" parameterType="king.autogen.model.MQTTServerExample" resultType="java.lang.Long">
    select count(*) from tb_mqtt_server
    <if test="_parameter != null">
      <include refid="Example_Where_Clause" />
    </if>
  </select>
  <update id="updateByExampleSelective" parameterType="map">
    update tb_mqtt_server
    <set>
      <if test="record.id != null">
        id = #{record.id,jdbcType=INTEGER},
      </if>
      <if test="record.host != null">
        host = #{record.host,jdbcType=VARCHAR},
      </if>
      <if test="record.port != null">
        port = #{record.port,jdbcType=VARCHAR},
      </if>
      <if test="record.username != null">
        username = #{record.username,jdbcType=VARCHAR},
      </if>
      <if test="record.password != null">
        password = #{record.password,jdbcType=VARCHAR},
      </if>
      <if test="record.clientId != null">
        client_id = #{record.clientId,jdbcType=VARCHAR},
      </if>
    </set>
    <if test="_parameter != null">
      <include refid="Update_By_Example_Where_Clause" />
    </if>
  </update>
  <update id="updateByExample" parameterType="map">
    update tb_mqtt_server
    set id = #{record.id,jdbcType=INTEGER},
      host = #{record.host,jdbcType=VARCHAR},
      port = #{record.port,jdbcType=VARCHAR},
      username = #{record.username,jdbcType=VARCHAR},
      password = #{record.password,jdbcType=VARCHAR},
      client_id = #{record.clientId,jdbcType=VARCHAR}
    <if test="_parameter != null">
      <include refid="Update_By_Example_Where_Clause" />
    </if>
  </update>
  <update id="updateByPrimaryKeySelective" parameterType="king.autogen.model.MQTTServer">
    update tb_mqtt_server
    <set>
      <if test="host != null">
        host = #{host,jdbcType=VARCHAR},
      </if>
      <if test="port != null">
        port = #{port,jdbcType=VARCHAR},
      </if>
      <if test="username != null">
        username = #{username,jdbcType=VARCHAR},
      </if>
      <if test="password != null">
        password = #{password,jdbcType=VARCHAR},
      </if>
      <if test="clientId != null">
        client_id = #{clientId,jdbcType=VARCHAR},
      </if>
    </set>
    where id = #{id,jdbcType=INTEGER}
  </update>
  <update id="updateByPrimaryKey" parameterType="king.autogen.model.MQTTServer">
    update tb_mqtt_server
    set host = #{host,jdbcType=VARCHAR},
      port = #{port,jdbcType=VARCHAR},
      username = #{username,jdbcType=VARCHAR},
      password = #{password,jdbcType=VARCHAR},
      client_id = #{clientId,jdbcType=VARCHAR}
    where id = #{id,jdbcType=INTEGER}
  </update>
</mapper>