<?xml version="1.0" encoding="UTF-8"?>
<!DOCTYPE mapper PUBLIC "-//mybatis.org//DTD Mapper 3.0//EN" "http://mybatis.org/dtd/mybatis-3-mapper.dtd">
<mapper namespace="king.autogen.mapper.ServerMapper">
  <resultMap id="BaseResultMap" type="king.autogen.model.Server">
    <id column="id" jdbcType="INTEGER" property="id" />
    <result column="tid" jdbcType="INTEGER" property="tid" />
    <result column="sid" jdbcType="INTEGER" property="sid" />
    <result column="name" jdbcType="VARCHAR" property="name" />
    <result column="icon" jdbcType="VARCHAR" property="icon" />
    <result column="details" jdbcType="VARCHAR" property="details" />
    <result column="createdate" jdbcType="VARCHAR" property="createdate" />
    <result column="status" jdbcType="INTEGER" property="status" />
  </resultMap>
  <sql id="Example_Where_Clause">
    <where>
      <foreach collection="oredCriteria" item="criteria" separator="or">
        <if test="criteria.valid">
          <trim prefix="(" prefixOverrides="and" suffix=")">
            <foreach collection="criteria.criteria" item="criterion">
              <choose>
                <when test="criterion.noValue">
                  and ${criterion.condition}
                </when>
                <when test="criterion.singleValue">
                  and ${criterion.condition} #{criterion.value}
                </when>
                <when test="criterion.betweenValue">
                  and ${criterion.condition} #{criterion.value} and #{criterion.secondValue}
                </when>
                <when test="criterion.listValue">
                  and ${criterion.condition}
                  <foreach close=")" collection="criterion.value" item="listItem" open="(" separator=",">
                    #{listItem}
                  </foreach>
                </when>
              </choose>
            </foreach>
          </trim>
        </if>
      </foreach>
    </where>
  </sql>
  <sql id="Update_By_Example_Where_Clause">
    <where>
      <foreach collection="example.oredCriteria" item="criteria" separator="or">
        <if test="criteria.valid">
          <trim prefix="(" prefixOverrides="and" suffix=")">
            <foreach collection="criteria.criteria" item="criterion">
              <choose>
                <when test="criterion.noValue">
                  and ${criterion.condition}
                </when>
                <when test="criterion.singleValue">
                  and ${criterion.condition} #{criterion.value}
                </when>
                <when test="criterion.betweenValue">
                  and ${criterion.condition} #{criterion.value} and #{criterion.secondValue}
                </when>
                <when test="criterion.listValue">
                  and ${criterion.condition}
                  <foreach close=")" collection="criterion.value" item="listItem" open="(" separator=",">
                    #{listItem}
                  </foreach>
                </when>
              </choose>
            </foreach>
          </trim>
        </if>
      </foreach>
    </where>
  </sql>
  <sql id="Base_Column_List">
    id, tid, sid, name, icon, details, createdate, status
  </sql>
  <select id="selectByExample" parameterType="king.autogen.model.ServerExample" resultMap="BaseResultMap">
    select
    <if test="distinct">
      distinct
    </if>
    <include refid="Base_Column_List" />
    from tb_server
    <if test="_parameter != null">
      <include refid="Example_Where_Clause" />
    </if>
    <if test="orderByClause != null">
      order by ${orderByClause}
    </if>
  </select>
  <select id="selectByPrimaryKey" parameterType="java.lang.Integer" resultMap="BaseResultMap">
    select 
    <include refid="Base_Column_List" />
    from tb_server
    where id = #{id,jdbcType=INTEGER}
  </select>
  <delete id="deleteByPrimaryKey" parameterType="java.lang.Integer">
    delete from tb_server
    where id = #{id,jdbcType=INTEGER}
  </delete>
  <delete id="deleteByExample" parameterType="king.autogen.model.ServerExample">
    delete from tb_server
    <if test="_parameter != null">
      <include refid="Example_Where_Clause" />
    </if>
  </delete>
  <insert id="insert" parameterType="king.autogen.model.Server">
    insert into tb_server (id, tid, sid, 
      name, icon, details, 
      createdate, status)
    values (#{id,jdbcType=INTEGER}, #{tid,jdbcType=INTEGER}, #{sid,jdbcType=INTEGER}, 
      #{name,jdbcType=VARCHAR}, #{icon,jdbcType=VARCHAR}, #{details,jdbcType=VARCHAR}, 
      #{createdate,jdbcType=VARCHAR}, #{status,jdbcType=INTEGER})
  </insert>
  <insert id="insertSelective" parameterType="king.autogen.model.Server">
    insert into tb_server
    <trim prefix="(" suffix=")" suffixOverrides=",">
      <if test="id != null">
        id,
      </if>
      <if test="tid != null">
        tid,
      </if>
      <if test="sid != null">
        sid,
      </if>
      <if test="name != null">
        name,
      </if>
      <if test="icon != null">
        icon,
      </if>
      <if test="details != null">
        details,
      </if>
      <if test="createdate != null">
        createdate,
      </if>
      <if test="status != null">
        status,
      </if>
    </trim>
    <trim prefix="values (" suffix=")" suffixOverrides=",">
      <if test="id != null">
        #{id,jdbcType=INTEGER},
      </if>
      <if test="tid != null">
        #{tid,jdbcType=INTEGER},
      </if>
      <if test="sid != null">
        #{sid,jdbcType=INTEGER},
      </if>
      <if test="name != null">
        #{name,jdbcType=VARCHAR},
      </if>
      <if test="icon != null">
        #{icon,jdbcType=VARCHAR},
      </if>
      <if test="details != null">
        #{details,jdbcType=VARCHAR},
      </if>
      <if test="createdate != null">
        #{createdate,jdbcType=VARCHAR},
      </if>
      <if test="status != null">
        #{status,jdbcType=INTEGER},
      </if>
    </trim>
  </insert>
  <select id="countByExample" parameterType="king.autogen.model.ServerExample" resultType="java.lang.Long">
    select count(*) from tb_server
    <if test="_parameter != null">
      <include refid="Example_Where_Clause" />
    </if>
  </select>
  <update id="updateByExampleSelective" parameterType="map">
    update tb_server
    <set>
      <if test="record.id != null">
        id = #{record.id,jdbcType=INTEGER},
      </if>
      <if test="record.tid != null">
        tid = #{record.tid,jdbcType=INTEGER},
      </if>
      <if test="record.sid != null">
        sid = #{record.sid,jdbcType=INTEGER},
      </if>
      <if test="record.name != null">
        name = #{record.name,jdbcType=VARCHAR},
      </if>
      <if test="record.icon != null">
        icon = #{record.icon,jdbcType=VARCHAR},
      </if>
      <if test="record.details != null">
        details = #{record.details,jdbcType=VARCHAR},
      </if>
      <if test="record.createdate != null">
        createdate = #{record.createdate,jdbcType=VARCHAR},
      </if>
      <if test="record.status != null">
        status = #{record.status,jdbcType=INTEGER},
      </if>
    </set>
    <if test="_parameter != null">
      <include refid="Update_By_Example_Where_Clause" />
    </if>
  </update>
  <update id="updateByExample" parameterType="map">
    update tb_server
    set id = #{record.id,jdbcType=INTEGER},
      tid = #{record.tid,jdbcType=INTEGER},
      sid = #{record.sid,jdbcType=INTEGER},
      name = #{record.name,jdbcType=VARCHAR},
      icon = #{record.icon,jdbcType=VARCHAR},
      details = #{record.details,jdbcType=VARCHAR},
      createdate = #{record.createdate,jdbcType=VARCHAR},
      status = #{record.status,jdbcType=INTEGER}
    <if test="_parameter != null">
      <include refid="Update_By_Example_Where_Clause" />
    </if>
  </update>
  <update id="updateByPrimaryKeySelective" parameterType="king.autogen.model.Server">
    update tb_server
    <set>
      <if test="tid != null">
        tid = #{tid,jdbcType=INTEGER},
      </if>
      <if test="sid != null">
        sid = #{sid,jdbcType=INTEGER},
      </if>
      <if test="name != null">
        name = #{name,jdbcType=VARCHAR},
      </if>
      <if test="icon != null">
        icon = #{icon,jdbcType=VARCHAR},
      </if>
      <if test="details != null">
        details = #{details,jdbcType=VARCHAR},
      </if>
      <if test="createdate != null">
        createdate = #{createdate,jdbcType=VARCHAR},
      </if>
      <if test="status != null">
        status = #{status,jdbcType=INTEGER},
      </if>
    </set>
    where id = #{id,jdbcType=INTEGER}
  </update>
  <update id="updateByPrimaryKey" parameterType="king.autogen.model.Server">
    update tb_server
    set tid = #{tid,jdbcType=INTEGER},
      sid = #{sid,jdbcType=INTEGER},
      name = #{name,jdbcType=VARCHAR},
      icon = #{icon,jdbcType=VARCHAR},
      details = #{details,jdbcType=VARCHAR},
      createdate = #{createdate,jdbcType=VARCHAR},
      status = #{status,jdbcType=INTEGER}
    where id = #{id,jdbcType=INTEGER}
  </update>
</mapper>