<?xml version="1.0" encoding="UTF-8"?>
<!DOCTYPE mapper PUBLIC "-//mybatis.org//DTD Mapper 3.0//EN" "http://mybatis.org/dtd/mybatis-3-mapper.dtd">
<mapper namespace="king.autogen.mapper.TopicMapper">
  <resultMap id="BaseResultMap" type="king.autogen.model.Topic">
    <id column="id" jdbcType="INTEGER" property="id" />
    <result column="topic" jdbcType="VARCHAR" property="topic" />
    <result column="sid" jdbcType="INTEGER" property="sid" />
    <result column="comments" jdbcType="VARCHAR" property="comments" />
  </resultMap>
  <sql id="Example_Where_Clause">
    <where>
      <foreach collection="oredCriteria" item="criteria" separator="or">
        <if test="criteria.valid">
          <trim prefix="(" prefixOverrides="and" suffix=")">
            <foreach collection="criteria.criteria" item="criterion">
              <choose>
                <when test="criterion.noValue">
                  and ${criterion.condition}
                </when>
                <when test="criterion.singleValue">
                  and ${criterion.condition} #{criterion.value}
                </when>
                <when test="criterion.betweenValue">
                  and ${criterion.condition} #{criterion.value} and #{criterion.secondValue}
                </when>
                <when test="criterion.listValue">
                  and ${criterion.condition}
                  <foreach close=")" collection="criterion.value" item="listItem" open="(" separator=",">
                    #{listItem}
                  </foreach>
                </when>
              </choose>
            </foreach>
          </trim>
        </if>
      </foreach>
    </where>
  </sql>
  <sql id="Update_By_Example_Where_Clause">
    <where>
      <foreach collection="example.oredCriteria" item="criteria" separator="or">
        <if test="criteria.valid">
          <trim prefix="(" prefixOverrides="and" suffix=")">
            <foreach collection="criteria.criteria" item="criterion">
              <choose>
                <when test="criterion.noValue">
                  and ${criterion.condition}
                </when>
                <when test="criterion.singleValue">
                  and ${criterion.condition} #{criterion.value}
                </when>
                <when test="criterion.betweenValue">
                  and ${criterion.condition} #{criterion.value} and #{criterion.secondValue}
                </when>
                <when test="criterion.listValue">
                  and ${criterion.condition}
                  <foreach close=")" collection="criterion.value" item="listItem" open="(" separator=",">
                    #{listItem}
                  </foreach>
                </when>
              </choose>
            </foreach>
          </trim>
        </if>
      </foreach>
    </where>
  </sql>
  <sql id="Base_Column_List">
    id, topic, sid, comments
  </sql>
  <select id="selectByExample" parameterType="king.autogen.model.TopicExample" resultMap="BaseResultMap">
    select
    <if test="distinct">
      distinct
    </if>
    <include refid="Base_Column_List" />
    from tb_mqtt_topic
    <if test="_parameter != null">
      <include refid="Example_Where_Clause" />
    </if>
    <if test="orderByClause != null">
      order by ${orderByClause}
    </if>
  </select>
  <select id="selectByPrimaryKey" parameterType="java.lang.Integer" resultMap="BaseResultMap">
    select 
    <include refid="Base_Column_List" />
    from tb_mqtt_topic
    where id = #{id,jdbcType=INTEGER}
  </select>
  <delete id="deleteByPrimaryKey" parameterType="java.lang.Integer">
    delete from tb_mqtt_topic
    where id = #{id,jdbcType=INTEGER}
  </delete>
  <delete id="deleteByExample" parameterType="king.autogen.model.TopicExample">
    delete from tb_mqtt_topic
    <if test="_parameter != null">
      <include refid="Example_Where_Clause" />
    </if>
  </delete>
  <insert id="insert" parameterType="king.autogen.model.Topic">
    insert into tb_mqtt_topic (id, topic, sid, 
      comments)
    values (#{id,jdbcType=INTEGER}, #{topic,jdbcType=VARCHAR}, #{sid,jdbcType=INTEGER}, 
      #{comments,jdbcType=VARCHAR})
  </insert>
  <insert id="insertSelective" parameterType="king.autogen.model.Topic">
    insert into tb_mqtt_topic
    <trim prefix="(" suffix=")" suffixOverrides=",">
      <if test="id != null">
        id,
      </if>
      <if test="topic != null">
        topic,
      </if>
      <if test="sid != null">
        sid,
      </if>
      <if test="comments != null">
        comments,
      </if>
    </trim>
    <trim prefix="values (" suffix=")" suffixOverrides=",">
      <if test="id != null">
        #{id,jdbcType=INTEGER},
      </if>
      <if test="topic != null">
        #{topic,jdbcType=VARCHAR},
      </if>
      <if test="sid != null">
        #{sid,jdbcType=INTEGER},
      </if>
      <if test="comments != null">
        #{comments,jdbcType=VARCHAR},
      </if>
    </trim>
  </insert>
  <select id="countByExample" parameterType="king.autogen.model.TopicExample" resultType="java.lang.Long">
    select count(*) from tb_mqtt_topic
    <if test="_parameter != null">
      <include refid="Example_Where_Clause" />
    </if>
  </select>
  <update id="updateByExampleSelective" parameterType="map">
    update tb_mqtt_topic
    <set>
      <if test="record.id != null">
        id = #{record.id,jdbcType=INTEGER},
      </if>
      <if test="record.topic != null">
        topic = #{record.topic,jdbcType=VARCHAR},
      </if>
      <if test="record.sid != null">
        sid = #{record.sid,jdbcType=INTEGER},
      </if>
      <if test="record.comments != null">
        comments = #{record.comments,jdbcType=VARCHAR},
      </if>
    </set>
    <if test="_parameter != null">
      <include refid="Update_By_Example_Where_Clause" />
    </if>
  </update>
  <update id="updateByExample" parameterType="map">
    update tb_mqtt_topic
    set id = #{record.id,jdbcType=INTEGER},
      topic = #{record.topic,jdbcType=VARCHAR},
      sid = #{record.sid,jdbcType=INTEGER},
      comments = #{record.comments,jdbcType=VARCHAR}
    <if test="_parameter != null">
      <include refid="Update_By_Example_Where_Clause" />
    </if>
  </update>
  <update id="updateByPrimaryKeySelective" parameterType="king.autogen.model.Topic">
    update tb_mqtt_topic
    <set>
      <if test="topic != null">
        topic = #{topic,jdbcType=VARCHAR},
      </if>
      <if test="sid != null">
        sid = #{sid,jdbcType=INTEGER},
      </if>
      <if test="comments != null">
        comments = #{comments,jdbcType=VARCHAR},
      </if>
    </set>
    where id = #{id,jdbcType=INTEGER}
  </update>
  <update id="updateByPrimaryKey" parameterType="king.autogen.model.Topic">
    update tb_mqtt_topic
    set topic = #{topic,jdbcType=VARCHAR},
      sid = #{sid,jdbcType=INTEGER},
      comments = #{comments,jdbcType=VARCHAR}
    where id = #{id,jdbcType=INTEGER}
  </update>
</mapper>